year,category_slug,entries,status,url
2015,audio-radio,1700,ok,https://www.lovethework.com/en/awards/winners-shortlists/cannes-lions/audio-radio?tag=publication+dates%40%40year%40%402015
2015,film,3041,ok,https://www.lovethework.com/en/awards/winners-shortlists/cannes-lions/film?tag=publication+dates%40%40year%40%402015
2015,outdoor,4990,ok,https://www.lovethework.com/en/awards/winners-shortlists/cannes-lions/outdoor?tag=publication+dates%40%40year%40%402015
2015,print-publishing,4428,ok,https://www.lovethework.com/en/awards/winners-shortlists/cannes-lions/print-publishing?tag=publication+dates%40%40year%40%402015
2015,design,2400,ok,https://www.lovethework.com/en/awards/winners-shortlists/cannes-lions/design?tag=publication+dates%40%40year%40%402015
2015,digital-craft,0,ok,https://www.lovethework.com/en/awards/winners-shortlists/cannes-lions/digital-craft?tag=publication+dates%40%40year%40%402015
2015,film-craft,2187,ok,https://www.lovethework.com/en/awards/winners-shortlists/cannes-lions/film-craft?tag=publication+dates%40%40year%40%402015
2015,industry-craft,0,ok,https://www.lovethework.com/en/awards/winners-shortlists/cannes-lions/industry-craft?tag=publication+dates%40%40year%40%402015
2015,creative-b2b,0,ok,https://www.lovethework.com/en/awards/winners-shortlists/cannes-lions/creative-b2b?tag=publication+dates%40%40year%40%402015
2015,creative-data,613,ok,https://www.lovethework.com/en/awards/winners-shortlists/cannes-lions/creative-data?tag=publication+dates%40%40year%40%402015
2015,direct,2793,ok,https://www.lovethework.com/en/awards/winners-shortlists/cannes-lions/direct?tag=publication+dates%40%40year%40%402015
2015,media,3166,ok,https://www.lovethework.com/en/awards/winners-shortlists/cannes-lions/media?tag=publication+dates%40%40year%40%402015
2015,pr,1964,ok,https://www.lovethework.com/en/awards/winners-shortlists/cannes-lions/pr?tag=publication+dates%40%40year%40%402015
2015,social-creator,3726,ok,https://www.lovethework.com/en/awards/winners-shortlists/cannes-lions/social-creator?tag=publication+dates%40%40year%40%402015
2015,entertainment,1385,ok,https://www.lovethework.com/en/awards/winners-shortlists/cannes-lions/entertainment?tag=publication+dates%40%40year%40%402015
2015,entertainment-lions-for-gaming,0,ok,https://www.lovethework.com/en/awards/winners-shortlists/cannes-lions/entertainment-lions-for-gaming?tag=publication+dates%40%40year%40%402015
2015,entertainment-lions-for-music,0,ok,https://www.lovethework.com/en/awards/winners-shortlists/cannes-lions/entertainment-lions-for-music?tag=publication+dates%40%40year%40%402015
2015,entertainment-lions-for-sport,0,ok,https://www.lovethework.com/en/awards/winners-shortlists/cannes-lions/entertainment-lions-for-sport?tag=publication+dates%40%40year%40%402015
2015,brand-experience-activation,3183,ok,https://www.lovethework.com/en/awards/winners-shortlists/cannes-lions/brand-experience-activation?tag=publication+dates%40%40year%40%402015
2015,creative-business-transformation,0,ok,https://www.lovethework.com/en/awards/winners-shortlists/cannes-lions/creative-business-transformation?tag=publication+dates%40%40year%40%402015
2015,creative-commerce,0,ok,https://www.lovethework.com/en/awards/winners-shortlists/cannes-lions/creative-commerce?tag=publication+dates%40%40year%40%402015
2015,innovation,226,ok,https://www.lovethework.com/en/awards/winners-shortlists/cannes-lions/innovation?tag=publication+dates%40%40year%40%402015
2015,luxury,0,ok,https://www.lovethework.com/en/awards/winners-shortlists/cannes-lions/luxury?tag=publication+dates%40%40year%40%402015
2015,glass-the-lion-for-change,165,ok,https://www.lovethework.com/en/awards/winners-shortlists/cannes-lions/glass-the-lion-for-change?tag=publication+dates%40%40year%40%402015
2015,sustainable-development-goals,0,ok,https://www.lovethework.com/en/awards/winners-shortlists/cannes-lions/sustainable-development-goals?tag=publication+dates%40%40year%40%402015
2015,health-wellness,1429,ok,https://www.lovethework.com/en/awards/winners-shortlists/cannes-lions/health-wellness?tag=publication+dates%40%40year%40%402015
2015,pharma,432,ok,https://www.lovethework.com/en/awards/winners-shortlists/cannes-lions/pharma?tag=publication+dates%40%40year%40%402015
2015,creative-effectiveness,160,ok,https://www.lovethework.com/en/awards/winners-shortlists/cannes-lions/creative-effectiveness?tag=publication+dates%40%40year%40%402015
2015,creative-strategy,0,ok,https://www.lovethework.com/en/awards/winners-shortlists/cannes-lions/creative-strategy?tag=publication+dates%40%40year%40%402015
2015,titanium,373,ok,https://www.lovethework.com/en/awards/winners-shortlists/cannes-lions/titanium?tag=publication+dates%40%40year%40%402015
2016,audio-radio,1401,ok,https://www.lovethework.com/en/awards/winners-shortlists/cannes-lions/audio-radio?tag=publication+dates%40%40year%40%402016
2016,film,2787,ok,https://www.lovethework.com/en/awards/winners-shortlists/cannes-lions/film?tag=publication+dates%40%40year%40%402016
2016,outdoor,5314,ok,https://www.lovethework.com/en/awards/winners-shortlists/cannes-lions/outdoor?tag=publication+dates%40%40year%40%402016
2016,print-publishing,3739,ok,https://www.lovethework.com/en/awards/winners-shortlists/cannes-lions/print-publishing?tag=publication+dates%40%40year%40%402016
2016,design,2830,ok,https://www.lovethework.com/en/awards/winners-shortlists/cannes-lions/design?tag=publication+dates%40%40year%40%402016
2016,digital-craft,1142,ok,https://www.lovethework.com/en/awards/winners-shortlists/cannes-lions/digital-craft?tag=publication+dates%40%40year%40%402016
2016,film-craft,2311,ok,https://www.lovethework.com/en/awards/winners-shortlists/cannes-lions/film-craft?tag=publication+dates%40%40year%40%402016
2016,industry-craft,276,ok,https://www.lovethework.com/en/awards/winners-shortlists/cannes-lions/industry-craft?tag=publication+dates%40%40year%40%402016
2016,creative-b2b,0,ok,https://www.lovethework.com/en/awards/winners-shortlists/cannes-lions/creative-b2b?tag=publication+dates%40%40year%40%402016
2016,creative-data,713,ok,https://www.lovethework.com/en/awards/winners-shortlists/cannes-lions/creative-data?tag=publication+dates%40%40year%40%402016
2016,direct,3069,ok,https://www.lovethework.com/en/awards/winners-shortlists/cannes-lions/direct?tag=publication+dates%40%40year%40%402016
2016,media,2964,ok,https://www.lovethework.com/en/awards/winners-shortlists/cannes-lions/media?tag=publication+dates%40%40year%40%402016
2016,pr,2209,ok,https://www.lovethework.com/en/awards/winners-shortlists/cannes-lions/pr?tag=publication+dates%40%40year%40%402016
2016,social-creator,2868,ok,https://www.lovethework.com/en/awards/winners-shortlists/cannes-lions/social-creator?tag=publication+dates%40%40year%40%402016
2016,entertainment,1835,ok,https://www.lovethework.com/en/awards/winners-shortlists/cannes-lions/entertainment?tag=publication+dates%40%40year%40%402016
2016,entertainment-lions-for-gaming,0,ok,https://www.lovethework.com/en/awards/winners-shortlists/cannes-lions/entertainment-lions-for-gaming?tag=publication+dates%40%40year%40%402016
2016,entertainment-lions-for-music,636,ok,https://www.lovethework.com/en/awards/winners-shortlists/cannes-lions/entertainment-lions-for-music?tag=publication+dates%40%40year%40%402016
2016,entertainment-lions-for-sport,0,ok,https://www.lovethework.com/en/awards/winners-shortlists/cannes-lions/entertainment-lions-for-sport?tag=publication+dates%40%40year%40%402016
2016,brand-experience-activation,3435,ok,https://www.lovethework.com/en/awards/winners-shortlists/cannes-lions/brand-experience-activation?tag=publication+dates%40%40year%40%402016
2016,creative-business-transformation,0,ok,https://www.lovethework.com/en/awards/winners-shortlists/cannes-lions/creative-business-transformation?tag=publication+dates%40%40year%40%402016
2016,creative-commerce,0,ok,https://www.lovethework.com/en/awards/winners-shortlists/cannes-lions/creative-commerce?tag=publication+dates%40%40year%40%402016
2016,innovation,378,ok,https://www.lovethework.com/en/awards/winners-shortlists/cannes-lions/innovation?tag=publication+dates%40%40year%40%402016
2016,luxury,0,ok,https://www.lovethework.com/en/awards/winners-shortlists/cannes-lions/luxury?tag=publication+dates%40%40year%40%402016
2016,glass-the-lion-for-change,155,ok,https://www.lovethework.com/en/awards/winners-shortlists/cannes-lions/glass-the-lion-for-change?tag=publication+dates%40%40year%40%402016
2016,sustainable-development-goals,0,ok,https://www.lovethework.com/en/awards/winners-shortlists/cannes-lions/sustainable-development-goals?tag=publication+dates%40%40year%40%402016
2016,health-wellness,2001,ok,https://www.lovethework.com/en/awards/winners-shortlists/cannes-lions/health-wellness?tag=publication+dates%40%40year%40%402016
2016,pharma,579,ok,https://www.lovethework.com/en/awards/winners-shortlists/cannes-lions/pharma?tag=publication+dates%40%40year%40%402016
2016,creative-effectiveness,107,ok,https://www.lovethework.com/en/awards/winners-shortlists/cannes-lions/creative-effectiveness?tag=publication+dates%40%40year%40%402016
2016,creative-strategy,0,ok,https://www.lovethework.com/en/awards/winners-shortlists/cannes-lions/creative-strategy?tag=publication+dates%40%40year%40%402016
2016,titanium,252,ok,https://www.lovethework.com/en/awards/winners-shortlists/cannes-lions/titanium?tag=publication+dates%40%40year%40%402016
2017,audio-radio,1463,ok,https://www.lovethework.com/en/awards/winners-shortlists/cannes-lions/audio-radio?tag=publication+dates%40%40year%40%402017
2017,film,2569,ok,https://www.lovethework.com/en/awards/winners-shortlists/cannes-lions/film?tag=publication+dates%40%40year%40%402017
2017,outdoor,4625,ok,https://www.lovethework.com/en/awards/winners-shortlists/cannes-lions/outdoor?tag=publication+dates%40%40year%40%402017
2017,print-publishing,3210,ok,https://www.lovethework.com/en/awards/winners-shortlists/cannes-lions/print-publishing?tag=publication+dates%40%40year%40%402017
2017,design,2752,ok,https://www.lovethework.com/en/awards/winners-shortlists/cannes-lions/design?tag=publication+dates%40%40year%40%402017
2017,digital-craft,920,ok,https://www.lovethework.com/en/awards/winners-shortlists/cannes-lions/digital-craft?tag=publication+dates%40%40year%40%402017
2017,film-craft,2468,ok,https://www.lovethework.com/en/awards/winners-shortlists/cannes-lions/film-craft?tag=publication+dates%40%40year%40%402017
2017,industry-craft,236,ok,https://www.lovethework.com/en/awards/winners-shortlists/cannes-lions/industry-craft?tag=publication+dates%40%40year%40%402017
2017,creative-b2b,0,ok,https://www.lovethework.com/en/awards/winners-shortlists/cannes-lions/creative-b2b?tag=publication+dates%40%40year%40%402017
2017,creative-data,690,ok,https://www.lovethework.com/en/awards/winners-shortlists/cannes-lions/creative-data?tag=publication+dates%40%40year%40%402017
2017,direct,2687,ok,https://www.lovethework.com/en/awards/winners-shortlists/cannes-lions/direct?tag=publication+dates%40%40year%40%402017
2017,media,2924,ok,https://www.lovethework.com/en/awards/winners-shortlists/cannes-lions/media?tag=publication+dates%40%40year%40%402017
2017,pr,2194,ok,https://www.lovethework.com/en/awards/winners-shortlists/cannes-lions/pr?tag=publication+dates%40%40year%40%402017
2017,social-creator,2867,ok,https://www.lovethework.com/en/awards/winners-shortlists/cannes-lions/social-creator?tag=publication+dates%40%40year%40%402017
2017,entertainment,1784,ok,https://www.lovethework.com/en/awards/winners-shortlists/cannes-lions/entertainment?tag=publication+dates%40%40year%40%402017
2017,entertainment-lions-for-gaming,0,ok,https://www.lovethework.com/en/awards/winners-shortlists/cannes-lions/entertainment-lions-for-gaming?tag=publication+dates%40%40year%40%402017
2017,entertainment-lions-for-music,509,ok,https://www.lovethework.com/en/awards/winners-shortlists/cannes-lions/entertainment-lions-for-music?tag=publication+dates%40%40year%40%402017
2017,entertainment-lions-for-sport,0,ok,https://www.lovethework.com/en/awards/winners-shortlists/cannes-lions/entertainment-lions-for-sport?tag=publication+dates%40%40year%40%402017
2017,brand-experience-activation,3405,ok,https://www.lovethework.com/en/awards/winners-shortlists/cannes-lions/brand-experience-activation?tag=publication+dates%40%40year%40%402017
2017,creative-business-transformation,0,ok,https://www.lovethework.com/en/awards/winners-shortlists/cannes-lions/creative-business-transformation?tag=publication+dates%40%40year%40%402017
2017,creative-commerce,0,ok,https://www.lovethework.com/en/awards/winners-shortlists/cannes-lions/creative-commerce?tag=publication+dates%40%40year%40%402017
2017,innovation,295,ok,https://www.lovethework.com/en/awards/winners-shortlists/cannes-lions/innovation?tag=publication+dates%40%40year%40%402017
2017,luxury,0,ok,https://www.lovethework.com/en/awards/winners-shortlists/cannes-lions/luxury?tag=publication+dates%40%40year%40%402017
2017,glass-the-lion-for-change,203,ok,https://www.lovethework.com/en/awards/winners-shortlists/cannes-lions/glass-the-lion-for-change?tag=publication+dates%40%40year%40%402017
2017,sustainable-development-goals,0,ok,https://www.lovethework.com/en/awards/winners-shortlists/cannes-lions/sustainable-development-goals?tag=publication+dates%40%40year%40%402017
2017,health-wellness,2208,ok,https://www.lovethework.com/en/awards/winners-shortlists/cannes-lions/health-wellness?tag=publication+dates%40%40year%40%402017
2017,pharma,583,ok,https://www.lovethework.com/en/awards/winners-shortlists/cannes-lions/pharma?tag=publication+dates%40%40year%40%402017
2017,creative-effectiveness,169,ok,https://www.lovethework.com/en/awards/winners-shortlists/cannes-lions/creative-effectiveness?tag=publication+dates%40%40year%40%402017
2017,creative-strategy,0,ok,https://www.lovethework.com/en/awards/winners-shortlists/cannes-lions/creative-strategy?tag=publication+dates%40%40year%40%402017
2017,titanium,216,ok,https://www.lovethework.com/en/awards/winners-shortlists/cannes-lions/titanium?tag=publication+dates%40%40year%40%402017
2018,audio-radio,1079,ok,https://www.lovethework.com/en/awards/winners-shortlists/cannes-lions/audio-radio?tag=publication+dates%40%40year%40%402018
2018,film,2125,ok,https://www.lovethework.com/en/awards/winners-shortlists/cannes-lions/film?tag=publication+dates%40%40year%40%402018
2018,outdoor,2604,ok,https://www.lovethework.com/en/awards/winners-shortlists/cannes-lions/outdoor?tag=publication+dates%40%40year%40%402018
2018,print-publishing,1403,ok,https://www.lovethework.com/en/awards/winners-shortlists/cannes-lions/print-publishing?tag=publication+dates%40%40year%40%402018
2018,design,1238,ok,https://www.lovethework.com/en/awards/winners-shortlists/cannes-lions/design?tag=publication+dates%40%40year%40%402018
2018,digital-craft,717,ok,https://www.lovethework.com/en/awards/winners-shortlists/cannes-lions/digital-craft?tag=publication+dates%40%40year%40%402018
2018,film-craft,2478,ok,https://www.lovethework.com/en/awards/winners-shortlists/cannes-lions/film-craft?tag=publication+dates%40%40year%40%402018
2018,industry-craft,1699,ok,https://www.lovethework.com/en/awards/winners-shortlists/cannes-lions/industry-craft?tag=publication+dates%40%40year%40%402018
2018,creative-b2b,0,ok,https://www.lovethework.com/en/awards/winners-shortlists/cannes-lions/creative-b2b?tag=publication+dates%40%40year%40%402018
2018,creative-data,516,ok,https://www.lovethework.com/en/awards/winners-shortlists/cannes-lions/creative-data?tag=publication+dates%40%40year%40%402018
2018,direct,2459,ok,https://www.lovethework.com/en/awards/winners-shortlists/cannes-lions/direct?tag=publication+dates%40%40year%40%402018
2018,media,2551,ok,https://www.lovethework.com/en/awards/winners-shortlists/cannes-lions/media?tag=publication+dates%40%40year%40%402018
2018,pr,2087,ok,https://www.lovethework.com/en/awards/winners-shortlists/cannes-lions/pr?tag=publication+dates%40%40year%40%402018
2018,social-creator,2011,ok,https://www.lovethework.com/en/awards/winners-shortlists/cannes-lions/social-creator?tag=publication+dates%40%40year%40%402018
2018,entertainment,1239,ok,https://www.lovethework.com/en/awards/winners-shortlists/cannes-lions/entertainment?tag=publication+dates%40%40year%40%402018
2018,entertainment-lions-for-gaming,0,ok,https://www.lovethework.com/en/awards/winners-shortlists/cannes-lions/entertainment-lions-for-gaming?tag=publication+dates%40%40year%40%402018
2018,entertainment-lions-for-music,479,ok,https://www.lovethework.com/en/awards/winners-shortlists/cannes-lions/entertainment-lions-for-music?tag=publication+dates%40%40year%40%402018
2018,entertainment-lions-for-sport,0,ok,https://www.lovethework.com/en/awards/winners-shortlists/cannes-lions/entertainment-lions-for-sport?tag=publication+dates%40%40year%40%402018
2018,brand-experience-activation,2315,ok,https://www.lovethework.com/en/awards/winners-shortlists/cannes-lions/brand-experience-activation?tag=publication+dates%40%40year%40%402018
2018,creative-business-transformation,0,ok,https://www.lovethework.com/en/awards/winners-shortlists/cannes-lions/creative-business-transformation?tag=publication+dates%40%40year%40%402018
2018,creative-commerce,263,ok,https://www.lovethework.com/en/awards/winners-shortlists/cannes-lions/creative-commerce?tag=publication+dates%40%40year%40%402018
2018,innovation,190,ok,https://www.lovethework.com/en/awards/winners-shortlists/cannes-lions/innovation?tag=publication+dates%40%40year%40%402018
2018,luxury,0,ok,https://www.lovethework.com/en/awards/winners-shortlists/cannes-lions/luxury?tag=publication+dates%40%40year%40%402018
2018,glass-the-lion-for-change,214,ok,https://www.lovethework.com/en/awards/winners-shortlists/cannes-lions/glass-the-lion-for-change?tag=publication+dates%40%40year%40%402018
2018,sustainable-development-goals,895,ok,https://www.lovethework.com/en/awards/winners-shortlists/cannes-lions/sustainable-development-goals?tag=publication+dates%40%40year%40%402018
2018,health-wellness,1459,ok,https://www.lovethework.com/en/awards/winners-shortlists/cannes-lions/health-wellness?tag=publication+dates%40%40year%40%402018
2018,pharma,368,ok,https://www.lovethework.com/en/awards/winners-shortlists/cannes-lions/pharma?tag=publication+dates%40%40year%40%402018
2018,creative-effectiveness,161,ok,https://www.lovethework.com/en/awards/winners-shortlists/cannes-lions/creative-effectiveness?tag=publication+dates%40%40year%40%402018
2018,creative-strategy,0,ok,https://www.lovethework.com/en/awards/winners-shortlists/cannes-lions/creative-strategy?tag=publication+dates%40%40year%40%402018
2018,titanium,148,ok,https://www.lovethework.com/en/awards/winners-shortlists/cannes-lions/titanium?tag=publication+dates%40%40year%40%402018
2019,audio-radio,974,ok,https://www.lovethework.com/en/awards/winners-shortlists/cannes-lions/audio-radio?tag=publication+dates%40%40year%40%402019
2019,film,2780,ok,https://www.lovethework.com/en/awards/winners-shortlists/cannes-lions/film?tag=publication+dates%40%40year%40%402019
2019,outdoor,2357,ok,https://www.lovethework.com/en/awards/winners-shortlists/cannes-lions/outdoor?tag=publication+dates%40%40year%40%402019
2019,print-publishing,1235,ok,https://www.lovethework.com/en/awards/winners-shortlists/cannes-lions/print-publishing?tag=publication+dates%40%40year%40%402019
2019,design,1449,ok,https://www.lovethework.com/en/awards/winners-shortlists/cannes-lions/design?tag=publication+dates%40%40year%40%402019
2019,digital-craft,795,ok,https://www.lovethework.com/en/awards/winners-shortlists/cannes-lions/digital-craft?tag=publication+dates%40%40year%40%402019
2019,film-craft,1913,ok,https://www.lovethework.com/en/awards/winners-shortlists/cannes-lions/film-craft?tag=publication+dates%40%40year%40%402019
2019,industry-craft,1651,ok,https://www.lovethework.com/en/awards/winners-shortlists/cannes-lions/industry-craft?tag=publication+dates%40%40year%40%402019
2019,creative-b2b,0,ok,https://www.lovethework.com/en/awards/winners-shortlists/cannes-lions/creative-b2b?tag=publication+dates%40%40year%40%402019
2019,creative-data,424,ok,https://www.lovethework.com/en/awards/winners-shortlists/cannes-lions/creative-data?tag=publication+dates%40%40year%40%402019
2019,direct,1985,ok,https://www.lovethework.com/en/awards/winners-shortlists/cannes-lions/direct?tag=publication+dates%40%40year%40%402019
2019,media,2177,ok,https://www.lovethework.com/en/awards/winners-shortlists/cannes-lions/media?tag=publication+dates%40%40year%40%402019
2019,pr,1840,ok,https://www.lovethework.com/en/awards/winners-shortlists/cannes-lions/pr?tag=publication+dates%40%40year%40%402019
2019,social-creator,1507,ok,https://www.lovethework.com/en/awards/winners-shortlists/cannes-lions/social-creator?tag=publication+dates%40%40year%40%402019
2019,entertainment,826,ok,https://www.lovethework.com/en/awards/winners-shortlists/cannes-lions/entertainment?tag=publication+dates%40%40year%40%402019
2019,entertainment-lions-for-gaming,0,ok,https://www.lovethework.com/en/awards/winners-shortlists/cannes-lions/entertainment-lions-for-gaming?tag=publication+dates%40%40year%40%402019
2019,entertainment-lions-for-music,388,ok,https://www.lovethework.com/en/awards/winners-shortlists/cannes-lions/entertainment-lions-for-music?tag=publication+dates%40%40year%40%402019
2019,entertainment-lions-for-sport,697,ok,https://www.lovethework.com/en/awards/winners-shortlists/cannes-lions/entertainment-lions-for-sport?tag=publication+dates%40%40year%40%402019
2019,brand-experience-activation,2500,ok,https://www.lovethework.com/en/awards/winners-shortlists/cannes-lions/brand-experience-activation?tag=publication+dates%40%40year%40%402019
2019,creative-business-transformation,0,ok,https://www.lovethework.com/en/awards/winners-shortlists/cannes-lions/creative-business-transformation?tag=publication+dates%40%40year%40%402019
2019,creative-commerce,299,ok,https://www.lovethework.com/en/awards/winners-shortlists/cannes-lions/creative-commerce?tag=publication+dates%40%40year%40%402019
2019,innovation,186,ok,https://www.lovethework.com/en/awards/winners-shortlists/cannes-lions/innovation?tag=publication+dates%40%40year%40%402019
2019,luxury,0,ok,https://www.lovethework.com/en/awards/winners-shortlists/cannes-lions/luxury?tag=publication+dates%40%40year%40%402019
2019,glass-the-lion-for-change,192,ok,https://www.lovethework.com/en/awards/winners-shortlists/cannes-lions/glass-the-lion-for-change?tag=publication+dates%40%40year%40%402019
2019,sustainable-development-goals,828,ok,https://www.lovethework.com/en/awards/winners-shortlists/cannes-lions/sustainable-development-goals?tag=publication+dates%40%40year%40%402019
2019,health-wellness,1170,ok,https://www.lovethework.com/en/awards/winners-shortlists/cannes-lions/health-wellness?tag=publication+dates%40%40year%40%402019
2019,pharma,349,ok,https://www.lovethework.com/en/awards/winners-shortlists/cannes-lions/pharma?tag=publication+dates%40%40year%40%402019
2019,creative-effectiveness,226,ok,https://www.lovethework.com/en/awards/winners-shortlists/cannes-lions/creative-effectiveness?tag=publication+dates%40%40year%40%402019
2019,creative-strategy,837,ok,https://www.lovethework.com/en/awards/winners-shortlists/cannes-lions/creative-strategy?tag=publication+dates%40%40year%40%402019
2019,titanium,170,ok,https://www.lovethework.com/en/awards/winners-shortlists/cannes-lions/titanium?tag=publication+dates%40%40year%40%402019
2020,audio-radio,344,ok,https://www.lovethework.com/en/awards/winners-shortlists/cannes-lions/audio-radio?tag=publication+dates%40%40year%40%402020
2020,film,1118,ok,https://www.lovethework.com/en/awards/winners-shortlists/cannes-lions/film?tag=publication+dates%40%40year%40%402020
2020,outdoor,987,ok,https://www.lovethework.com/en/awards/winners-shortlists/cannes-lions/outdoor?tag=publication+dates%40%40year%40%402020
2020,print-publishing,399,ok,https://www.lovethework.com/en/awards/winners-shortlists/cannes-lions/print-publishing?tag=publication+dates%40%40year%40%402020
2020,design,628,ok,https://www.lovethework.com/en/awards/winners-shortlists/cannes-lions/design?tag=publication+dates%40%40year%40%402020
2020,digital-craft,301,ok,https://www.lovethework.com/en/awards/winners-shortlists/cannes-lions/digital-craft?tag=publication+dates%40%40year%40%402020
2020,film-craft,779,ok,https://www.lovethework.com/en/awards/winners-shortlists/cannes-lions/film-craft?tag=publication+dates%40%40year%40%402020
2020,industry-craft,503,ok,https://www.lovethework.com/en/awards/winners-shortlists/cannes-lions/industry-craft?tag=publication+dates%40%40year%40%402020
2020,creative-b2b,0,ok,https://www.lovethework.com/en/awards/winners-shortlists/cannes-lions/creative-b2b?tag=publication+dates%40%40year%40%402020
2020,creative-data,216,ok,https://www.lovethework.com/en/awards/winners-shortlists/cannes-lions/creative-data?tag=publication+dates%40%40year%40%402020
2020,direct,962,ok,https://www.lovethework.com/en/awards/winners-shortlists/cannes-lions/direct?tag=publication+dates%40%40year%40%402020
2020,media,1023,ok,https://www.lovethework.com/en/awards/winners-shortlists/cannes-lions/media?tag=publication+dates%40%40year%40%402020
2020,pr,883,ok,https://www.lovethework.com/en/awards/winners-shortlists/cannes-lions/pr?tag=publication+dates%40%40year%40%402020
2020,social-creator,859,ok,https://www.lovethework.com/en/awards/winners-shortlists/cannes-lions/social-creator?tag=publication+dates%40%40year%40%402020
2020,entertainment,356,ok,https://www.lovethework.com/en/awards/winners-shortlists/cannes-lions/entertainment?tag=publication+dates%40%40year%40%402020
2020,entertainment-lions-for-gaming,0,ok,https://www.lovethework.com/en/awards/winners-shortlists/cannes-lions/entertainment-lions-for-gaming?tag=publication+dates%40%40year%40%402020
2020,entertainment-lions-for-music,163,ok,https://www.lovethework.com/en/awards/winners-shortlists/cannes-lions/entertainment-lions-for-music?tag=publication+dates%40%40year%40%402020
2020,entertainment-lions-for-sport,296,ok,https://www.lovethework.com/en/awards/winners-shortlists/cannes-lions/entertainment-lions-for-sport?tag=publication+dates%40%40year%40%402020
2020,brand-experience-activation,1160,ok,https://www.lovethework.com/en/awards/winners-shortlists/cannes-lions/brand-experience-activation?tag=publication+dates%40%40year%40%402020
2020,creative-business-transformation,99,ok,https://www.lovethework.com/en/awards/winners-shortlists/cannes-lions/creative-business-transformation?tag=publication+dates%40%40year%40%402020
2020,creative-commerce,158,ok,https://www.lovethework.com/en/awards/winners-shortlists/cannes-lions/creative-commerce?tag=publication+dates%40%40year%40%402020
2020,innovation,71,ok,https://www.lovethework.com/en/awards/winners-shortlists/cannes-lions/innovation?tag=publication+dates%40%40year%40%402020
2020,luxury,0,ok,https://www.lovethework.com/en/awards/winners-shortlists/cannes-lions/luxury?tag=publication+dates%40%40year%40%402020
2020,glass-the-lion-for-change,87,ok,https://www.lovethework.com/en/awards/winners-shortlists/cannes-lions/glass-the-lion-for-change?tag=publication+dates%40%40year%40%402020
2020,sustainable-development-goals,380,ok,https://www.lovethework.com/en/awards/winners-shortlists/cannes-lions/sustainable-development-goals?tag=publication+dates%40%40year%40%402020
2020,health-wellness,577,ok,https://www.lovethework.com/en/awards/winners-shortlists/cannes-lions/health-wellness?tag=publication+dates%40%40year%40%402020
2020,pharma,171,ok,https://www.lovethework.com/en/awards/winners-shortlists/cannes-lions/pharma?tag=publication+dates%40%40year%40%402020
2020,creative-effectiveness,0,ok,https://www.lovethework.com/en/awards/winners-shortlists/cannes-lions/creative-effectiveness?tag=publication+dates%40%40year%40%402020
2020,creative-strategy,371,ok,https://www.lovethework.com/en/awards/winners-shortlists/cannes-lions/creative-strategy?tag=publication+dates%40%40year%40%402020
2020,titanium,80,ok,https://www.lovethework.com/en/awards/winners-shortlists/cannes-lions/titanium?tag=publication+dates%40%40year%40%402020
2021,audio-radio,542,ok,https://www.lovethework.com/en/awards/winners-shortlists/cannes-lions/audio-radio?tag=publication+dates%40%40year%40%402021
2021,film,1605,ok,https://www.lovethework.com/en/awards/winners-shortlists/cannes-lions/film?tag=publication+dates%40%40year%40%402021
2021,outdoor,1039,ok,https://www.lovethework.com/en/awards/winners-shortlists/cannes-lions/outdoor?tag=publication+dates%40%40year%40%402021
2021,print-publishing,600,ok,https://www.lovethework.com/en/awards/winners-shortlists/cannes-lions/print-publishing?tag=publication+dates%40%40year%40%402021
2021,design,626,ok,https://www.lovethework.com/en/awards/winners-shortlists/cannes-lions/design?tag=publication+dates%40%40year%40%402021
2021,digital-craft,399,ok,https://www.lovethework.com/en/awards/winners-shortlists/cannes-lions/digital-craft?tag=publication+dates%40%40year%40%402021
2021,film-craft,1205,ok,https://www.lovethework.com/en/awards/winners-shortlists/cannes-lions/film-craft?tag=publication+dates%40%40year%40%402021
2021,industry-craft,638,ok,https://www.lovethework.com/en/awards/winners-shortlists/cannes-lions/industry-craft?tag=publication+dates%40%40year%40%402021
2021,creative-b2b,0,ok,https://www.lovethework.com/en/awards/winners-shortlists/cannes-lions/creative-b2b?tag=publication+dates%40%40year%40%402021
2021,creative-data,148,ok,https://www.lovethework.com/en/awards/winners-shortlists/cannes-lions/creative-data?tag=publication+dates%40%40year%40%402021
2021,direct,1016,ok,https://www.lovethework.com/en/awards/winners-shortlists/cannes-lions/direct?tag=publication+dates%40%40year%40%402021
2021,media,945,ok,https://www.lovethework.com/en/awards/winners-shortlists/cannes-lions/media?tag=publication+dates%40%40year%40%402021
2021,pr,838,ok,https://www.lovethework.com/en/awards/winners-shortlists/cannes-lions/pr?tag=publication+dates%40%40year%40%402021
2021,social-creator,867,ok,https://www.lovethework.com/en/awards/winners-shortlists/cannes-lions/social-creator?tag=publication+dates%40%40year%40%402021
2021,entertainment,498,ok,https://www.lovethework.com/en/awards/winners-shortlists/cannes-lions/entertainment?tag=publication+dates%40%40year%40%402021
2021,entertainment-lions-for-gaming,0,ok,https://www.lovethework.com/en/awards/winners-shortlists/cannes-lions/entertainment-lions-for-gaming?tag=publication+dates%40%40year%40%402021
2021,entertainment-lions-for-music,243,ok,https://www.lovethework.com/en/awards/winners-shortlists/cannes-lions/entertainment-lions-for-music?tag=publication+dates%40%40year%40%402021
2021,entertainment-lions-for-sport,256,ok,https://www.lovethework.com/en/awards/winners-shortlists/cannes-lions/entertainment-lions-for-sport?tag=publication+dates%40%40year%40%402021
2021,brand-experience-activation,1186,ok,https://www.lovethework.com/en/awards/winners-shortlists/cannes-lions/brand-experience-activation?tag=publication+dates%40%40year%40%402021
2021,creative-business-transformation,102,ok,https://www.lovethework.com/en/awards/winners-shortlists/cannes-lions/creative-business-transformation?tag=publication+dates%40%40year%40%402021
2021,creative-commerce,178,ok,https://www.lovethework.com/en/awards/winners-shortlists/cannes-lions/creative-commerce?tag=publication+dates%40%40year%40%402021
2021,innovation,89,ok,https://www.lovethework.com/en/awards/winners-shortlists/cannes-lions/innovation?tag=publication+dates%40%40year%40%402021
2021,luxury,0,ok,https://www.lovethework.com/en/awards/winners-shortlists/cannes-lions/luxury?tag=publication+dates%40%40year%40%402021
2021,glass-the-lion-for-change,98,ok,https://www.lovethework.com/en/awards/winners-shortlists/cannes-lions/glass-the-lion-for-change?tag=publication+dates%40%40year%40%402021
2021,sustainable-development-goals,353,ok,https://www.lovethework.com/en/awards/winners-shortlists/cannes-lions/sustainable-development-goals?tag=publication+dates%40%40year%40%402021
2021,health-wellness,714,ok,https://www.lovethework.com/en/awards/winners-shortlists/cannes-lions/health-wellness?tag=publication+dates%40%40year%40%402021
2021,pharma,333,ok,https://www.lovethework.com/en/awards/winners-shortlists/cannes-lions/pharma?tag=publication+dates%40%40year%40%402021
2021,creative-effectiveness,141,ok,https://www.lovethework.com/en/awards/winners-shortlists/cannes-lions/creative-effectiveness?tag=publication+dates%40%40year%40%402021
2021,creative-strategy,306,ok,https://www.lovethework.com/en/awards/winners-shortlists/cannes-lions/creative-strategy?tag=publication+dates%40%40year%40%402021
2021,titanium,116,ok,https://www.lovethework.com/en/awards/winners-shortlists/cannes-lions/titanium?tag=publication+dates%40%40year%40%402021
2022,audio-radio,690,ok,https://www.lovethework.com/en/awards/winners-shortlists/cannes-lions/audio-radio?tag=publication+dates%40%40year%40%402022
2022,film,2026,ok,https://www.lovethework.com/en/awards/winners-shortlists/cannes-lions/film?tag=publication+dates%40%40year%40%402022
2022,outdoor,1801,ok,https://www.lovethework.com/en/awards/winners-shortlists/cannes-lions/outdoor?tag=publication+dates%40%40year%40%402022
2022,print-publishing,792,ok,https://www.lovethework.com/en/awards/winners-shortlists/cannes-lions/print-publishing?tag=publication+dates%40%40year%40%402022
2022,design,1056,ok,https://www.lovethework.com/en/awards/winners-shortlists/cannes-lions/design?tag=publication+dates%40%40year%40%402022
2022,digital-craft,664,ok,https://www.lovethework.com/en/awards/winners-shortlists/cannes-lions/digital-craft?tag=publication+dates%40%40year%40%402022
2022,film-craft,1704,ok,https://www.lovethework.com/en/awards/winners-shortlists/cannes-lions/film-craft?tag=publication+dates%40%40year%40%402022
2022,industry-craft,1110,ok,https://www.lovethework.com/en/awards/winners-shortlists/cannes-lions/industry-craft?tag=publication+dates%40%40year%40%402022
2022,creative-b2b,415,ok,https://www.lovethework.com/en/awards/winners-shortlists/cannes-lions/creative-b2b?tag=publication+dates%40%40year%40%402022
2022,creative-data,329,ok,https://www.lovethework.com/en/awards/winners-shortlists/cannes-lions/creative-data?tag=publication+dates%40%40year%40%402022
2022,direct,1922,ok,https://www.lovethework.com/en/awards/winners-shortlists/cannes-lions/direct?tag=publication+dates%40%40year%40%402022
2022,media,1739,ok,https://www.lovethework.com/en/awards/winners-shortlists/cannes-lions/media?tag=publication+dates%40%40year%40%402022
2022,pr,1481,ok,https://www.lovethework.com/en/awards/winners-shortlists/cannes-lions/pr?tag=publication+dates%40%40year%40%402022
2022,social-creator,1629,ok,https://www.lovethework.com/en/awards/winners-shortlists/cannes-lions/social-creator?tag=publication+dates%40%40year%40%402022
2022,entertainment,653,ok,https://www.lovethework.com/en/awards/winners-shortlists/cannes-lions/entertainment?tag=publication+dates%40%40year%40%402022
2022,entertainment-lions-for-gaming,0,ok,https://www.lovethework.com/en/awards/winners-shortlists/cannes-lions/entertainment-lions-for-gaming?tag=publication+dates%40%40year%40%402022
2022,entertainment-lions-for-music,390,ok,https://www.lovethework.com/en/awards/winners-shortlists/cannes-lions/entertainment-lions-for-music?tag=publication+dates%40%40year%40%402022
2022,entertainment-lions-for-sport,558,ok,https://www.lovethework.com/en/awards/winners-shortlists/cannes-lions/entertainment-lions-for-sport?tag=publication+dates%40%40year%40%402022
2022,brand-experience-activation,1914,ok,https://www.lovethework.com/en/awards/winners-shortlists/cannes-lions/brand-experience-activation?tag=publication+dates%40%40year%40%402022
2022,creative-business-transformation,158,ok,https://www.lovethework.com/en/awards/winners-shortlists/cannes-lions/creative-business-transformation?tag=publication+dates%40%40year%40%402022
2022,creative-commerce,370,ok,https://www.lovethework.com/en/awards/winners-shortlists/cannes-lions/creative-commerce?tag=publication+dates%40%40year%40%402022
2022,innovation,114,ok,https://www.lovethework.com/en/awards/winners-shortlists/cannes-lions/innovation?tag=publication+dates%40%40year%40%402022
2022,luxury,0,ok,https://www.lovethework.com/en/awards/winners-shortlists/cannes-lions/luxury?tag=publication+dates%40%40year%40%402022
2022,glass-the-lion-for-change,139,ok,https://www.lovethework.com/en/awards/winners-shortlists/cannes-lions/glass-the-lion-for-change?tag=publication+dates%40%40year%40%402022
2022,sustainable-development-goals,614,ok,https://www.lovethework.com/en/awards/winners-shortlists/cannes-lions/sustainable-development-goals?tag=publication+dates%40%40year%40%402022
2022,health-wellness,1209,ok,https://www.lovethework.com/en/awards/winners-shortlists/cannes-lions/health-wellness?tag=publication+dates%40%40year%40%402022
2022,pharma,290,ok,https://www.lovethework.com/en/awards/winners-shortlists/cannes-lions/pharma?tag=publication+dates%40%40year%40%402022
2022,creative-effectiveness,255,ok,https://www.lovethework.com/en/awards/winners-shortlists/cannes-lions/creative-effectiveness?tag=publication+dates%40%40year%40%402022
2022,creative-strategy,556,ok,https://www.lovethework.com/en/awards/winners-shortlists/cannes-lions/creative-strategy?tag=publication+dates%40%40year%40%402022
2022,titanium,198,ok,https://www.lovethework.com/en/awards/winners-shortlists/cannes-lions/titanium?tag=publication+dates%40%40year%40%402022
2023,audio-radio,707,ok,https://www.lovethework.com/en/awards/winners-shortlists/cannes-lions/audio-radio?tag=publication+dates%40%40year%40%402023
2023,film,1859,ok,https://www.lovethework.com/en/awards/winners-shortlists/cannes-lions/film?tag=publication+dates%40%40year%40%402023
2023,outdoor,1925,ok,https://www.lovethework.com/en/awards/winners-shortlists/cannes-lions/outdoor?tag=publication+dates%40%40year%40%402023
2023,print-publishing,814,ok,https://www.lovethework.com/en/awards/winners-shortlists/cannes-lions/print-publishing?tag=publication+dates%40%40year%40%402023
2023,design,977,ok,https://www.lovethework.com/en/awards/winners-shortlists/cannes-lions/design?tag=publication+dates%40%40year%40%402023
2023,digital-craft,615,ok,https://www.lovethework.com/en/awards/winners-shortlists/cannes-lions/digital-craft?tag=publication+dates%40%40year%40%402023
2023,film-craft,1714,ok,https://www.lovethework.com/en/awards/winners-shortlists/cannes-lions/film-craft?tag=publication+dates%40%40year%40%402023
2023,industry-craft,964,ok,https://www.lovethework.com/en/awards/winners-shortlists/cannes-lions/industry-craft?tag=publication+dates%40%40year%40%402023
2023,creative-b2b,446,ok,https://www.lovethework.com/en/awards/winners-shortlists/cannes-lions/creative-b2b?tag=publication+dates%40%40year%40%402023
2023,creative-data,416,ok,https://www.lovethework.com/en/awards/winners-shortlists/cannes-lions/creative-data?tag=publication+dates%40%40year%40%402023
2023,direct,1931,ok,https://www.lovethework.com/en/awards/winners-shortlists/cannes-lions/direct?tag=publication+dates%40%40year%40%402023
2023,media,1849,ok,https://www.lovethework.com/en/awards/winners-shortlists/cannes-lions/media?tag=publication+dates%40%40year%40%402023
2023,pr,1595,ok,https://www.lovethework.com/en/awards/winners-shortlists/cannes-lions/pr?tag=publication+dates%40%40year%40%402023
2023,social-creator,1460,ok,https://www.lovethework.com/en/awards/winners-shortlists/cannes-lions/social-creator?tag=publication+dates%40%40year%40%402023
2023,entertainment,769,ok,https://www.lovethework.com/en/awards/winners-shortlists/cannes-lions/entertainment?tag=publication+dates%40%40year%40%402023
2023,entertainment-lions-for-gaming,607,ok,https://www.lovethework.com/en/awards/winners-shortlists/cannes-lions/entertainment-lions-for-gaming?tag=publication+dates%40%40year%40%402023
2023,entertainment-lions-for-music,432,ok,https://www.lovethework.com/en/awards/winners-shortlists/cannes-lions/entertainment-lions-for-music?tag=publication+dates%40%40year%40%402023
2023,entertainment-lions-for-sport,600,ok,https://www.lovethework.com/en/awards/winners-shortlists/cannes-lions/entertainment-lions-for-sport?tag=publication+dates%40%40year%40%402023
2023,brand-experience-activation,2218,ok,https://www.lovethework.com/en/awards/winners-shortlists/cannes-lions/brand-experience-activation?tag=publication+dates%40%40year%40%402023
2023,creative-business-transformation,248,ok,https://www.lovethework.com/en/awards/winners-shortlists/cannes-lions/creative-business-transformation?tag=publication+dates%40%40year%40%402023
2023,creative-commerce,466,ok,https://www.lovethework.com/en/awards/winners-shortlists/cannes-lions/creative-commerce?tag=publication+dates%40%40year%40%402023
2023,innovation,150,ok,https://www.lovethework.com/en/awards/winners-shortlists/cannes-lions/innovation?tag=publication+dates%40%40year%40%402023
2023,luxury,0,ok,https://www.lovethework.com/en/awards/winners-shortlists/cannes-lions/luxury?tag=publication+dates%40%40year%40%402023
2023,glass-the-lion-for-change,183,ok,https://www.lovethework.com/en/awards/winners-shortlists/cannes-lions/glass-the-lion-for-change?tag=publication+dates%40%40year%40%402023
2023,sustainable-development-goals,688,ok,https://www.lovethework.com/en/awards/winners-shortlists/cannes-lions/sustainable-development-goals?tag=publication+dates%40%40year%40%402023
2023,health-wellness,1286,ok,https://www.lovethework.com/en/awards/winners-shortlists/cannes-lions/health-wellness?tag=publication+dates%40%40year%40%402023
2023,pharma,353,ok,https://www.lovethework.com/en/awards/winners-shortlists/cannes-lions/pharma?tag=publication+dates%40%40year%40%402023
2023,creative-effectiveness,289,ok,https://www.lovethework.com/en/awards/winners-shortlists/cannes-lions/creative-effectiveness?tag=publication+dates%40%40year%40%402023
2023,creative-strategy,772,ok,https://www.lovethework.com/en/awards/winners-shortlists/cannes-lions/creative-strategy?tag=publication+dates%40%40year%40%402023
2023,titanium,174,ok,https://www.lovethework.com/en/awards/winners-shortlists/cannes-lions/titanium?tag=publication+dates%40%40year%40%402023
2024,audio-radio,756,ok,https://www.lovethework.com/en/awards/winners-shortlists/cannes-lions/audio-radio?tag=publication+dates%40%40year%40%402024
2024,film,1885,ok,https://www.lovethework.com/en/awards/winners-shortlists/cannes-lions/film?tag=publication+dates%40%40year%40%402024
2024,outdoor,2053,ok,https://www.lovethework.com/en/awards/winners-shortlists/cannes-lions/outdoor?tag=publication+dates%40%40year%40%402024
2024,print-publishing,730,ok,https://www.lovethework.com/en/awards/winners-shortlists/cannes-lions/print-publishing?tag=publication+dates%40%40year%40%402024
2024,design,926,ok,https://www.lovethework.com/en/awards/winners-shortlists/cannes-lions/design?tag=publication+dates%40%40year%40%402024
2024,digital-craft,552,ok,https://www.lovethework.com/en/awards/winners-shortlists/cannes-lions/digital-craft?tag=publication+dates%40%40year%40%402024
2024,film-craft,1548,ok,https://www.lovethework.com/en/awards/winners-shortlists/cannes-lions/film-craft?tag=publication+dates%40%40year%40%402024
2024,industry-craft,1000,ok,https://www.lovethework.com/en/awards/winners-shortlists/cannes-lions/industry-craft?tag=publication+dates%40%40year%40%402024
2024,creative-b2b,371,ok,https://www.lovethework.com/en/awards/winners-shortlists/cannes-lions/creative-b2b?tag=publication+dates%40%40year%40%402024
2024,creative-data,366,ok,https://www.lovethework.com/en/awards/winners-shortlists/cannes-lions/creative-data?tag=publication+dates%40%40year%40%402024
2024,direct,2025,ok,https://www.lovethework.com/en/awards/winners-shortlists/cannes-lions/direct?tag=publication+dates%40%40year%40%402024
2024,media,1885,ok,https://www.lovethework.com/en/awards/winners-shortlists/cannes-lions/media?tag=publication+dates%40%40year%40%402024
2024,pr,1522,ok,https://www.lovethework.com/en/awards/winners-shortlists/cannes-lions/pr?tag=publication+dates%40%40year%40%402024
2024,social-creator,1761,ok,https://www.lovethework.com/en/awards/winners-shortlists/cannes-lions/social-creator?tag=publication+dates%40%40year%40%402024
2024,entertainment,762,ok,https://www.lovethework.com/en/awards/winners-shortlists/cannes-lions/entertainment?tag=publication+dates%40%40year%40%402024
2024,entertainment-lions-for-gaming,407,ok,https://www.lovethework.com/en/awards/winners-shortlists/cannes-lions/entertainment-lions-for-gaming?tag=publication+dates%40%40year%40%402024
2024,entertainment-lions-for-music,440,ok,https://www.lovethework.com/en/awards/winners-shortlists/cannes-lions/entertainment-lions-for-music?tag=publication+dates%40%40year%40%402024
2024,entertainment-lions-for-sport,661,ok,https://www.lovethework.com/en/awards/winners-shortlists/cannes-lions/entertainment-lions-for-sport?tag=publication+dates%40%40year%40%402024
2024,brand-experience-activation,2259,ok,https://www.lovethework.com/en/awards/winners-shortlists/cannes-lions/brand-experience-activation?tag=publication+dates%40%40year%40%402024
2024,creative-business-transformation,271,ok,https://www.lovethework.com/en/awards/winners-shortlists/cannes-lions/creative-business-transformation?tag=publication+dates%40%40year%40%402024
2024,creative-commerce,551,ok,https://www.lovethework.com/en/awards/winners-shortlists/cannes-lions/creative-commerce?tag=publication+dates%40%40year%40%402024
2024,innovation,231,ok,https://www.lovethework.com/en/awards/winners-shortlists/cannes-lions/innovation?tag=publication+dates%40%40year%40%402024
2024,luxury,188,ok,https://www.lovethework.com/en/awards/winners-shortlists/cannes-lions/luxury?tag=publication+dates%40%40year%40%402024
2024,glass-the-lion-for-change,165,ok,https://www.lovethework.com/en/awards/winners-shortlists/cannes-lions/glass-the-lion-for-change?tag=publication+dates%40%40year%40%402024
2024,sustainable-development-goals,588,ok,https://www.lovethework.com/en/awards/winners-shortlists/cannes-lions/sustainable-development-goals?tag=publication+dates%40%40year%40%402024
2024,health-wellness,1250,ok,https://www.lovethework.com/en/awards/winners-shortlists/cannes-lions/health-wellness?tag=publication+dates%40%40year%40%402024
2024,pharma,224,ok,https://www.lovethework.com/en/awards/winners-shortlists/cannes-lions/pharma?tag=publication+dates%40%40year%40%402024
2024,creative-effectiveness,302,ok,https://www.lovethework.com/en/awards/winners-shortlists/cannes-lions/creative-effectiveness?tag=publication+dates%40%40year%40%402024
2024,creative-strategy,809,ok,https://www.lovethework.com/en/awards/winners-shortlists/cannes-lions/creative-strategy?tag=publication+dates%40%40year%40%402024
2024,titanium,200,ok,https://www.lovethework.com/en/awards/winners-shortlists/cannes-lions/titanium?tag=publication+dates%40%40year%40%402024
2025,audio-radio,704,ok,https://www.lovethework.com/en/awards/winners-shortlists/cannes-lions/audio-radio?tag=publication+dates%40%40year%40%402025
2025,film,1635,ok,https://www.lovethework.com/en/awards/winners-shortlists/cannes-lions/film?tag=publication+dates%40%40year%40%402025
2025,outdoor,1987,ok,https://www.lovethework.com/en/awards/winners-shortlists/cannes-lions/outdoor?tag=publication+dates%40%40year%40%402025
2025,print-publishing,761,ok,https://www.lovethework.com/en/awards/winners-shortlists/cannes-lions/print-publishing?tag=publication+dates%40%40year%40%402025
2025,design,1075,ok,https://www.lovethework.com/en/awards/winners-shortlists/cannes-lions/design?tag=publication+dates%40%40year%40%402025
2025,digital-craft,553,ok,https://www.lovethework.com/en/awards/winners-shortlists/cannes-lions/digital-craft?tag=publication+dates%40%40year%40%402025
2025,film-craft,1450,ok,https://www.lovethework.com/en/awards/winners-shortlists/cannes-lions/film-craft?tag=publication+dates%40%40year%40%402025
2025,industry-craft,770,ok,https://www.lovethework.com/en/awards/winners-shortlists/cannes-lions/industry-craft?tag=publication+dates%40%40year%40%402025
2025,creative-b2b,415,ok,https://www.lovethework.com/en/awards/winners-shortlists/cannes-lions/creative-b2b?tag=publication+dates%40%40year%40%402025
2025,creative-data,593,ok,https://www.lovethework.com/en/awards/winners-shortlists/cannes-lions/creative-data?tag=publication+dates%40%40year%40%402025
2025,direct,2019,ok,https://www.lovethework.com/en/awards/winners-shortlists/cannes-lions/direct?tag=publication+dates%40%40year%40%402025
2025,media,2049,ok,https://www.lovethework.com/en/awards/winners-shortlists/cannes-lions/media?tag=publication+dates%40%40year%40%402025
2025,pr,1531,ok,https://www.lovethework.com/en/awards/winners-shortlists/cannes-lions/pr?tag=publication+dates%40%40year%40%402025
2025,social-creator,1665,ok,https://www.lovethework.com/en/awards/winners-shortlists/cannes-lions/social-creator?tag=publication+dates%40%40year%40%402025
2025,entertainment,735,ok,https://www.lovethework.com/en/awards/winners-shortlists/cannes-lions/entertainment?tag=publication+dates%40%40year%40%402025
2025,entertainment-lions-for-gaming,327,ok,https://www.lovethework.com/en/awards/winners-shortlists/cannes-lions/entertainment-lions-for-gaming?tag=publication+dates%40%40year%40%402025
2025,entertainment-lions-for-music,464,ok,https://www.lovethework.com/en/awards/winners-shortlists/cannes-lions/entertainment-lions-for-music?tag=publication+dates%40%40year%40%402025
2025,entertainment-lions-for-sport,762,ok,https://www.lovethework.com/en/awards/winners-shortlists/cannes-lions/entertainment-lions-for-sport?tag=publication+dates%40%40year%40%402025
2025,brand-experience-activation,2323,ok,https://www.lovethework.com/en/awards/winners-shortlists/cannes-lions/brand-experience-activation?tag=publication+dates%40%40year%40%402025
2025,creative-business-transformation,261,ok,https://www.lovethework.com/en/awards/winners-shortlists/cannes-lions/creative-business-transformation?tag=publication+dates%40%40year%40%402025
2025,creative-commerce,639,ok,https://www.lovethework.com/en/awards/winners-shortlists/cannes-lions/creative-commerce?tag=publication+dates%40%40year%40%402025
2025,innovation,229,ok,https://www.lovethework.com/en/awards/winners-shortlists/cannes-lions/innovation?tag=publication+dates%40%40year%40%402025
2025,luxury,181,ok,https://www.lovethework.com/en/awards/winners-shortlists/cannes-lions/luxury?tag=publication+dates%40%40year%40%402025
2025,glass-the-lion-for-change,251,ok,https://www.lovethework.com/en/awards/winners-shortlists/cannes-lions/glass-the-lion-for-change?tag=publication+dates%40%40year%40%402025
2025,sustainable-development-goals,480,ok,https://www.lovethework.com/en/awards/winners-shortlists/cannes-lions/sustainable-development-goals?tag=publication+dates%40%40year%40%402025
2025,health-wellness,1165,ok,https://www.lovethework.com/en/awards/winners-shortlists/cannes-lions/health-wellness?tag=publication+dates%40%40year%40%402025
2025,pharma,298,ok,https://www.lovethework.com/en/awards/winners-shortlists/cannes-lions/pharma?tag=publication+dates%40%40year%40%402025
2025,creative-effectiveness,324,ok,https://www.lovethework.com/en/awards/winners-shortlists/cannes-lions/creative-effectiveness?tag=publication+dates%40%40year%40%402025
2025,creative-strategy,900,ok,https://www.lovethework.com/en/awards/winners-shortlists/cannes-lions/creative-strategy?tag=publication+dates%40%40year%40%402025
2025,titanium,184,ok,https://www.lovethework.com/en/awards/winners-shortlists/cannes-lions/titanium?tag=publication+dates%40%40year%40%402025
